Matrix_Size,CPU_Time_ms,CPU_GFLOPS,GPU_Kernel_Time_ms,GPU_H2D_Time_ms,GPU_D2H_Time_ms,GPU_Total_Time_ms,GPU_GFLOPS,Max_Difference
128,9.11877,0.459964,0.031744,0.03776,0.016544,0.086048,132.129,1.14441e-05
256,73.8868,0.454133,0.029536,0.054816,0.031136,0.115488,1136.05,1.52588e-05
512,584.79,0.459029,0.139616,0.228288,0.110016,0.47792,1922.67,4.57764e-05
1024,5081.86,0.422578,1.00973,1.23523,1.12467,3.36963,2126.79,9.15527e-05
2048,46879.3,0.366471,13.9388,5.25158,4.63158,23.822,1232.52,0.000183105
4096,346132,0.397071,62.839,23.2918,16.9168,103.048,2187.16,0.000488281
